filename,face
18_1_4_20170117193229357_jpg.rf.b7f12ffbae296f38238d0c07ae3e4307.jpg,1
35_1_0_20170117203328856_jpg.rf.04276ca6b72fd2af03c79ba31ad6232f.jpg,1
1_0_3_20161220142926159_jpg.rf.1031a79ffebbcb46669e81f39853b6ad.jpg,1
65_1_0_20170110175333844_jpg.rf.3cb692199c6fe705b2efba19539f1e69.jpg,1
16_0_0_20170110232040957_jpg.rf.54d90e20eb62d5249cf12ebe46be4128.jpg,1
33_1_1_20170115234946456_jpg.rf.31c0aed3e6bbb98964817f005c1e9148.jpg,1
57_0_3_20170105180627374_jpg.rf.8af4e4a754171d25ad13496df9a3ccb9.jpg,1
25_1_3_20170119154344723_jpg.rf.fd723abb72eaf381298decb1c9a0a4e6.jpg,1
68_1_1_20170110183842657_jpg.rf.9e44843ff09844489623e56e9be9dcbc.jpg,1
23_0_4_20170116221049556_jpg.rf.cb2df8db7b5176bca66920a0a2043a6e.jpg,1
31_1_0_20170103183716629_jpg.rf.2c328e4024abe6d4e2663648a2c77679.jpg,1
4_1_2_20161219141110241_jpg.rf.cef8619d52bc63936c0ebf862c3766e3.jpg,1
66_1_0_20170110122210413_jpg.rf.7a0524cf171dec5359220355c6e13368.jpg,1
1_1_2_20161219162714326_jpg.rf.32efe36ad11a8791e02bcc4921f0c7e7.jpg,1
37_0_1_20170116194823302_jpg.rf.c28dd038463e5dcf8a23eba7d72ad59f.jpg,1
62_0_1_20170113184846159_jpg.rf.15a699d5204b3fab948cc6c7c82f77dd.jpg,1
23_1_1_20170112234139392_jpg.rf.800541f8d4d072557c0b990593dbfa0c.jpg,1
26_1_2_20170116163413372_jpg.rf.fe25c3ad031bc20b0c2b06bcf9fd990f.jpg,1
20_1_3_20170104231528577_jpg.rf.351fa8d64ca7d74b9dddfd50bb18f02d.jpg,1
27_1_2_20170116172649981_jpg.rf.4fdb5f5da51d5abb5b70eb9ef61cacb2.jpg,1
50_1_0_20170109012444348_jpg.rf.18f0aa624d43e29846ad0a8bc73023cf.jpg,1
4_1_4_20161221201507280_jpg.rf.e3a29fb4d495a9401cd89efe2ae4fc21.jpg,1
1_0_3_20161219230642504_jpg.rf.18faf738ada0b818c63d4d55781c5138.jpg,1
24_1_0_20170117194800876_jpg.rf.99b00d7a6d91fd19ce62871fe2e8c4b3.jpg,1
24_1_4_20170103223935080_jpg.rf.bb854e058d6ff1f05a07de91a36ed7d6.jpg,1
58_1_3_20170109150757996_jpg.rf.4a2020fb0c010489f1ee1aecdbf84513.jpg,1
73_0_0_20170104213702565_jpg.rf.01d7fc1ed781e2ad88dd6a6f4ed5d200.jpg,1
22_1_3_20170119163344958_jpg.rf.b48d80fa90a97a416fcf92fe3b29a28c.jpg,1
85_1_0_20170110183611657_jpg.rf.58ba7b9262929ffa04d8489af995d08f.jpg,1
84_1_0_20170120230257434_jpg.rf.4b968a6e150278699170d56b146e3fbf.jpg,1
38_0_0_20170116211634643_jpg.rf.03876a7f23979fc31e7df7cd79c445c2.jpg,1
26_1_2_20170116184054722_jpg.rf.aec3ae134d4202fc5a01c3d4b5bbba61.jpg,1
70_0_3_20170119210107813_jpg.rf.55f4dd0c5d77f0df3c322b0726edae18.jpg,1
76_0_1_20170116205556715_jpg.rf.d9a0f53967810774f253651b5db9c21b.jpg,1
31_0_0_20170120134310511_jpg.rf.1869c0fc64a36c9c3aba1c76099cfc44.jpg,1
30_1_2_20170116192456158_jpg.rf.a6baab762c611d84c104504247bedfb7.jpg,1
25_0_0_20170117143546538_jpg.rf.08afe57852bb5f964a14c7e8e6e1c2f2.jpg,1
45_1_3_20170119162710051_jpg.rf.74b148bc4a4392a21708a0fa6a7b84cc.jpg,1
29_1_1_20170105163256379_jpg.rf.415d04a4350353a11665902d4d0ce1b7.jpg,1
26_1_0_20170117191528652_jpg.rf.577798917d0bc0ee8c756017e179ffd4.jpg,1
23_1_2_20170116172852744_jpg.rf.80983a1961d94e9d62c5f1266ebe624c.jpg,1
1_0_2_20161219194820459_jpg.rf.1be013a573ed9c4e710d69e538ed1782.jpg,1
46_0_4_20170104202042473_jpg.rf.7d6162b6386d91a4f0cb0fea2ee7b771.jpg,1
62_0_0_20170112222131322_jpg.rf.7f2b6c3eb5a2cf41f00e7db38b58caba.jpg,1
17_1_1_20170113003718549_jpg.rf.ce2ef6e56033baad41e412939455e9df.jpg,1
45_0_1_20170117190019363_jpg.rf.1572bd702592de80e0a4e6e45493fae2.jpg,1
26_1_1_20170116232324000_jpg.rf.f12f402623c8b390379f9f13a0e27dbc.jpg,1
40_0_0_20170116221022897_jpg.rf.078cc45e23f5443f696796de11d18b5d.jpg,1
26_1_0_20170103181926881_jpg.rf.4e3e1cf5b877ca29f6ff6d718b81dc7d.jpg,1
23_1_3_20170104223200053_jpg.rf.6c92a2384e717d86be230b0103689159.jpg,1
24_1_3_20170119171104024_jpg.rf.0c2935c85a296ba1d9fdbbe963da93e1.jpg,1
1_1_2_20170109193557242_jpg.rf.7dcdc32fdbc0b10feadbae457a802a64.jpg,1
1_0_2_20161219160955846_jpg.rf.33bec19532335c7b9c2d6d8bc28d9ffe.jpg,1
42_0_0_20170105173002786_jpg.rf.717bede03cacf7e7d40b914d166d7c8c.jpg,1
24_1_2_20170116173552106_jpg.rf.0f2a9b2c55fa30678a32488762b5c45c.jpg,1
35_0_1_20170113184041966_jpg.rf.66cb0b1f6efb84bbededdbb138526307.jpg,1
35_0_0_20170117135440070_jpg.rf.cd6cbd08342924fae224eb6ac21599c6.jpg,1
1_0_3_20161219230455336_jpg.rf.cea7ab95d74ad78574189d6cf570a738.jpg,1
24_0_3_20170119165522935_jpg.rf.cf6d871e7af874f2f2d2923bacec5489.jpg,1
26_1_1_20170113001925675_jpg.rf.51eb6db2016c5ecc7b8f7852f7a21c75.jpg,1
43_1_3_20170119195521961_jpg.rf.4bcd996ff51fe2c2edc3c1d950a4d939.jpg,1
80_0_1_20170111181750520_jpg.rf.482c53165656140ee1353770263d9975.jpg,1
29_0_1_20170116205643042_jpg.rf.b696a8cbeca0910c4ae631f6a9fb80e2.jpg,1
26_1_4_20170117201912672_jpg.rf.3af6950f52de7276b45b410dd4d71a5e.jpg,1
8_1_0_20170109202901798_jpg.rf.d886855ab6af261b6615fe2848b6e2e5.jpg,1
35_0_1_20170113133034151_jpg.rf.224c8926d676cd31c21be27882d6937c.jpg,1
26_1_3_20170119193145481_jpg.rf.70d07ca8f50bea44df5bc715b85d49d5.jpg,1
32_1_1_20170112210352980_jpg.rf.36ee892008f91491942650d344b4d564.jpg,1
25_1_3_20170104232002457_jpg.rf.09b37cf8e7bba02c110cd4b39afa9160.jpg,1
56_0_0_20170104212000007_jpg.rf.f33c9182d1ba9c471a7ff635e160f788.jpg,1
23_1_2_20170116173201790_jpg.rf.b32e53b616da85622561a2f134480c3a.jpg,1
6_0_4_20161221200807209_jpg.rf.2c9f1c376b01fa981a4517f0f76c30ad.jpg,1
53_0_3_20170119164018532_jpg.rf.2ccd7379eba44d76eb7945b5c7f299c2.jpg,1
35_1_0_20170105172544509_jpg.rf.8cb0ea4b80e246e164ab4d5e6fb5368b.jpg,1
21_1_0_20170117142341545_jpg.rf.7a393b631566a6d3338bc5ab4c72bb69.jpg,1
7_1_0_20170114025204820_jpg.rf.c6bb2901dd17eeab720fcdb93aa2eda2.jpg,1
27_1_3_20170104223400455_jpg.rf.512237962e17a170031387f8f0dcfa63.jpg,1
65_1_2_20170105174503015_jpg.rf.0dbf8cba41d8034968dde422fa7d0029.jpg,1
19_0_0_20170120133526566_jpg.rf.e5d04ed7459525632f2a03fdc6d10545.jpg,1
27_1_1_20170112213555559_jpg.rf.479db1d97e43914f5c55f7bdbaf05365.jpg,1
1_1_0_20161219205534526_jpg.rf.4540f2ac4c91dd8b97c2fc64fb734721.jpg,1
30_1_0_20170117181400610_jpg.rf.1ce4061bc6a7a5a0e6edc758830854b7.jpg,1
24_1_0_20170112231916526_jpg.rf.7efa535f6e81c977b062abe81d7d84f5.jpg,1
45_0_4_20170117202920775_jpg.rf.6b89e4bae73de35274f18b22d9bab42a.jpg,1
17_0_3_20170104230447112_jpg.rf.ad517836adbb0011d9858eeb83e4b09e.jpg,1
6_1_2_20161219153411316_jpg.rf.da2211bed1bc06e5d8620c1b16258bee.jpg,1
40_1_1_20170117154203322_jpg.rf.1305e736be4a7a427a5e71a12ef566c7.jpg,1
28_0_3_20170119211746169_jpg.rf.15b3c4db30019a9f18f55f1d2f12ed82.jpg,1
23_0_3_20170119145303710_jpg.rf.d8f9a20480caca276351401fc4115932.jpg,1
55_1_2_20170116193523524_jpg.rf.9b8414acdc59dbf354917d71f554860d.jpg,1
25_1_0_20170117152023187_jpg.rf.50181caac5c391ecf2dcf0f27d745d43.jpg,1
1_0_1_20170110213645409_jpg.rf.f1ed20565e749247940d1af8dc04d902.jpg,1
45_0_3_20170120222425936_jpg.rf.7c8231d76384b76966798440554eb792.jpg,1
26_1_0_20170116184824361_jpg.rf.d4f7d10477e1cfe93083fb80779b35d4.jpg,1
60_0_0_20170117160236104_jpg.rf.9c6d3bfa20fccf87733eceeecf2c2093.jpg,1
3_1_0_20170109191351622_jpg.rf.2c54c8517fbbf29492f5a14bf1fca7a4.jpg,1
70_0_0_20170117091026248_jpg.rf.678d89e5724fb7e6ac2c6193cdf84c80.jpg,1
22_1_2_20170105183412088_jpg.rf.66b49a8b2c80daec3596ba062a84584c.jpg,1
52_0_0_20170116214143475_jpg.rf.b636d8161d0670620978a801bce3ed14.jpg,1
8_1_0_20170120230542954_jpg.rf.3acce2ef42042eecdbf76ad739312dd6.jpg,1
24_0_0_20170117150006042_jpg.rf.5a2ab0ba8aa7348712836982d885d37f.jpg,1
49_1_0_20170109220434368_jpg.rf.312b697da58aa4dd5874db7a3d95ce49.jpg,1
65_0_3_20170112222321514_jpg.rf.9aebf12ccb207e9ed35c1261f0541cee.jpg,1
4_1_4_20161223232228388_jpg.rf.dd78257b8e8256cc70afe856d913cf59.jpg,1
35_1_0_20170116235700676_jpg.rf.8b78cf81b2ff0d4536875cf7696dc425.jpg,1
1_0_0_20161220201355210_jpg.rf.4abfaa682bfdeb160a324fa728659c4c.jpg,1
38_1_2_20170109132801338_jpg.rf.963551c5e81fde8abd97189fb71c1cad.jpg,1
28_1_2_20170105000553851_jpg.rf.3fa49c96a359d4bc4d966b09c4906ff5.jpg,1
70_0_0_20170120140346584_jpg.rf.ab09bdc9c18ebcefdf3e906284c6728c.jpg,1
45_0_3_20170119195652068_jpg.rf.0faccf025616a21b6184cb2e3614bd83.jpg,1
63_0_0_20170104213058630_jpg.rf.85939707d7d365cf05d89a1a971ad471.jpg,1
1_0_0_20170109193030605_jpg.rf.5dcbe4ab54bc637c6714fb3d94e593ba.jpg,1
21_1_2_20170105000725292_jpg.rf.dc46bce8c50a8789ec4b3dc7296b8144.jpg,1
27_0_0_20170117012331112_jpg.rf.6200554638cf725623614fb1f6293d77.jpg,1
27_0_1_20170117013658301_jpg.rf.44a0f049b0362e5cb84d4e31a1e51b15.jpg,1
31_1_3_20170119200201348_jpg.rf.1d214ca94319cfe1f7ef7d0e5f2a5876.jpg,1
40_1_0_20170105172927477_jpg.rf.4a0bd97dc89d7906d92efef6e51578e3.jpg,1
26_0_0_20170116212048433_jpg.rf.ecd919773a409a123cdae308c9ba9b7a.jpg,1
18_1_0_20170117140440920_jpg.rf.9a3940429813c7456bb03545f27db87f.jpg,1
2_0_0_20170110224316546_jpg.rf.098a50dd5e0974bcdb9d3d72d277b770.jpg,1
68_0_2_20170111205006920_jpg.rf.fff55421429c81d7eca3c8ef87913b14.jpg,1
8_1_0_20170117175940947_jpg.rf.a021346d4e2ed5e85f29fa196d74c9c4.jpg,1
39_1_1_20170113012244528_jpg.rf.ef32d7ea825651a59495893b86831f7a.jpg,1
46_1_0_20170104235642515_jpg.rf.c9923f13ea6fad0b426cb409ebf06207.jpg,1
26_1_1_20170112213308487_jpg.rf.c7e8703288777cbf80053eef424d82bf.jpg,1
32_0_3_20170104220341542_jpg.rf.b77586dad64265b50905e1a465e5090e.jpg,1
49_0_3_20170104214709125_jpg.rf.5bb6dc6d1cb227d56ea71743811fc2ab.jpg,1
16_1_2_20170116162343874_jpg.rf.3c30cac151def55b2f69cd6c66bac5dc.jpg,1
45_0_0_20170104202521936_jpg.rf.9d3ca381e4afd0ae563612206c35a7fc.jpg,1
20_1_1_20170117195034455_jpg.rf.2c4b539e96f19bb69f80bd666a637e1d.jpg,1
90_0_1_20170111210350530_jpg.rf.1aa02c1ad97dac94bd83ed7d8d3b5618.jpg,1
29_1_2_20170116173225104_jpg.rf.888cf97a11927dd6b8f2c6a7e041d31f.jpg,1
37_1_2_20170109013335990_jpg.rf.31c6588417c0320d7c4f1bedd42e0e05.jpg,1
37_0_1_20170116030128110_jpg.rf.aaa6646c59479bed1452f9e801ac8516.jpg,1
39_0_0_20170117154224460_jpg.rf.63a7a7f16db6c8ffd26694ab76ae1f60.jpg,1
48_0_1_20170113183700797_jpg.rf.ba6265a7273fe6eb41a6d7821cff5817.jpg,1
31_0_3_20170119195950692_jpg.rf.27248897483f561abfe74a82e1d275cd.jpg,1
22_1_0_20170109213850161_jpg.rf.b7fdee914b8172af5f992902abe8a459.jpg,1
test1_jpg.rf.1a986ebd4d9a32e374f7b07795929195.jpg,1
75_1_1_20170113013039564_jpg.rf.48ca0d30ca1c20cf7f6779c4a97dc205.jpg,1
26_1_1_20170116232655628_jpg.rf.43ea52a252de3f1554b4a3d5c5e34f30.jpg,1
47_1_0_20170111182452922_jpg.rf.62e7e97897faf2e28148aa41f94db170.jpg,1
26_1_0_20170117003314278_jpg.rf.95a5f64ae611ad3a3ebb154da1e5013b.jpg,1
35_1_1_20170116020406238_jpg.rf.ea54fcb74774e7fb744ecaf95461b96d.jpg,1
35_1_2_20170116191223232_jpg.rf.d8455203c6cd4b42022060331b1f8566.jpg,1